id;slug;title;description;body;created_at;updated_at;user_id
1;vivaciously;untried used;aftermath;lest schlepp throughout;2024-04-29T01:56:50;2024-04-29T00:25:52;1
2;next which;oh grant the;nucleotide for view;rabbit lest;2024-04-28T17:29:20;2024-04-29T07:07:14;2
3;geography;duh;wetly with out;to;2024-04-29T06:47:26;2024-04-29T06:44:31;2
4;other demolish ratchet;indeed;as regularly toward;standard parody seller;2024-04-28T18:28:50;2024-04-29T02:06:02;1
5;aged whoever;which substance;ick;chart unless so;2024-04-29T01:21:44;2024-04-29T06:52:00;1
6;unnecessarily tailspin huzzah;very;modulo querulous boo;amidst fooey;2024-04-29T05:48:06;2024-04-29T01:14:21;2
7;forenenst grey sheepishly;alongside pro plus;or;inasmuch sicken;2024-04-28T15:59:01;2024-04-29T12:30:10;2
8;immaculate meh athwart;prise;regarding yum spree;remit;2024-04-29T02:37:10;2024-04-29T03:35:34;2
9;gee now;diaphragm;concerned hm unexpectedly;buttery specialty now;2024-04-28T21:49:19;2024-04-29T09:47:11;2
10;provided;shadow;geez circa;viola;2024-04-29T07:59:37;2024-04-28T14:02:00;2
